{"NTES": {"calls": 1608130281.82024, "puts": 1608130281.780243}, "PENN": {"calls": 1608131252.880854, "puts": 1608131252.8608513}, "GPRO": {"calls": 1606760605.0070899, "puts": 1606760604.9870908}, "AZN": {"calls": 1608131008.317485, "puts": 1608131008.2974803}, "IEX": {"calls": 1608130675.3110735, "puts": 1608130675.291075}, "PTON": {"calls": 1608131127.9818614, "puts": 1608131127.951856}, "AVGO": {"calls": 1608130622.7349634, "puts": 1608130622.7049656}, "ITW": {"calls": 1608130296.5891426, "puts": 1608130296.569144}, "MCO": {"calls": 1608130304.378564, "puts": 1608130304.3585653}, "GUSH": {"calls": 1606760666.1055198, "puts": 1606760666.0755198}, "WMT": {"calls": 1608130907.9338794, "puts": 1608130907.9038815}, "MFA": {"calls": 1606760583.778383, "puts": 1606760583.7583845}, "PFE": {"calls": 1608130971.6491737, "puts": 1608130971.6191761}, "SQ": {"calls": 1608131073.3815794, "puts": 1608131073.3515735}, "CMG": {"calls": 1608130395.1218274, "puts": 1608130395.0618317}, "EL": {"calls": 1608130211.7354517, "puts": 1608130211.7154531}, "DAL": {"calls": 1608130745.1359098, "puts": 1608130745.1159112}, "BYND": {"calls": 1608131214.5156307, "puts": 1608131214.4856265}, "MRO": {"calls": 1608131260.0217714, "puts": 1608131260.0017688}, "SPY": {"calls": 1608130699.3492954, "puts": 1608130699.3092983}, "GPS": {"calls": 1608131244.7997954, "puts": 1608131244.7697916}, "DKNG": {"calls": 1608131164.0579565, "puts": 1608131164.0379534}, "NCLH": {"calls": 1608130836.509156, "puts": 1608130836.4791582}, "MA": {"calls": 1608130121.9221408, "puts": 1608130121.892143}, "IDXX": {"calls": 1608130401.8513281, "puts": 1608130401.8313296}, "UCO": {"calls": 1606760541.362561, "puts": 1606760541.3425636}, "D": {"calls": 1608130030.4389687, "puts": 1608130030.4089708}, "VSLR": {"calls": 1606760490.912791, "puts": 1606760490.8927896}, "ADBE": {"calls": 1608130147.8102114, "puts": 1608130147.760215}, "ANET": {"calls": 1608130599.6266737, "puts": 1608130599.5966759}, "TSLA": {"calls": 1608130813.9008267, "puts": 1608130813.7708364}, "FIS": {"calls": 1608130016.4900112, "puts": 1608130016.4700127}, "CSGP": {"calls": 1608130452.9375396, "puts": 1608130452.917541}, "TSM": {"calls": 1608129955.7245576, "puts": 1608129955.6845605}, "WLTW": {"calls": 1608130468.3863945, "puts": 1608130468.366396}, "PYPL": {"calls": 1608129971.3333888, "puts": 1608129971.3033912}, "CPE": {"calls": 1606760651.9456468, "puts": 1606760651.915647}, "BKNG": {"calls": 1608130232.0039437, "puts": 1608130231.9539475}, "AMC": {"calls": 1606760672.965501, "puts": 1606760672.945501}, "T": {"calls": 1608130963.8797476, "puts": 1608130963.859749}, "TLRY": {"calls": 1606760597.7274816, "puts": 1606760597.6974835}, "SPCE": {"calls": 1608131237.1987798, "puts": 1608131237.1687758}, "NYMT": {"calls": 1606760590.4579258, "puts": 1606760590.4479265}, "SPHD": {"calls": 1606760513.5044355, "puts": 1606760513.484434}, "EQIX": {"calls": 1608130248.352728, "puts": 1608130248.3327293}, "PLUG": {"calls": 1606760505.9138608, "puts": 1606760505.8838584}, "VRSN": {"calls": 1608130505.3636541, "puts": 1608130505.3436558}, "CVX": {"calls": 1608130002.3610675, "puts": 1608130002.3310697}, "SBUX": {"calls": 1608131048.3364036, "puts": 1608131048.3063972}, "ALGN": {"calls": 1608130521.3424704, "puts": 1608130521.3224719}, "DG": {"calls": 1608130357.9945824, "puts": 1608130357.9745839}, "ABMD": {"calls": 1608130661.0121312, "puts": 1608130660.9821334}, "FB": {"calls": 1608130892.505019, "puts": 1608130892.465022}, "GPN": {"calls": 1608130068.0561593, "puts": 1608130068.0361607}, "SPGI": {"calls": 1608130205.025951, "puts": 1608130204.995953}, "MSFT": {"calls": 1608130104.0534732, "puts": 1608130104.0234754}, "WST": {"calls": 1608130565.9691653, "puts": 1608130565.949167}, "MRNA": {"calls": 1608131098.0463886, "puts": 1608131098.016383}, "CO": {"calls": 1608130445.2581089, "puts": 1608130445.2381103}, "USO": {"calls": 1608131267.5327184, "puts": 1608131267.5127158}, "GWW": {"calls": 1608130606.4361696, "puts": 1608130606.416171}, "TXMD": {"calls": 1606760625.0162613, "puts": 1606760624.996262}, "ULTA": {"calls": 1608130690.5599456, "puts": 1608130690.5299478}, "ILMN": {"calls": 1608130327.196869, "puts": 1608130327.1668713}, "ACB": {"calls": 1606760577.068892, "puts": 1606760577.0388944}, "BAC": {"calls": 1608130956.4602954, "puts": 1608130956.4302976}, "HAL": {"calls": 1608131156.5567324, "puts": 1608131156.536729}, "ARE": {"calls": 1608130527.9119837, "puts": 1608130527.8919854}, "JPM": {"calls": 1608130915.993284, "puts": 1608130915.9632864}, "KLAC": {"calls": 1608130416.940209, "puts": 1608130416.910211}, "UAL": {"calls": 1608130729.0271008, "puts": 1608130728.997103}, "RCL": {"calls": 1608130829.0497072, "puts": 1608130829.0197096}, "SRNE": {"calls": 1606760548.4416928, "puts": 1606760548.4216952}, "ZBRA": {"calls": 1608130636.5839386, "puts": 1608130636.5539408}, "AON": {"calls": 1608130364.534097, "puts": 1608130364.5140984}, "HUM": {"calls": 1608130350.3251517, "puts": 1608130350.3051531}, "APHA": {"calls": 1606760555.13094, "puts": 1606760555.1009433}, "PAYC": {"calls": 1608130614.4055798, "puts": 1608130614.375582}, "NKLA": {"calls": 1608131172.0192313, "puts": 1608131171.9892266}, "REGN": {"calls": 1608130263.9415689, "puts": 1608130263.9215703}, "FLT": {"calls": 1608130552.5201614, "puts": 1608130552.5001628}, "CPRX": {"calls": 1606760658.5755718, "puts": 1606760658.555572}, "NSC": {"calls": 1608130372.0035427, "puts": 1608130371.9735448}, "SHOP": {"calls": 1608129923.3469834, "puts": 1608129923.2969873}, "HD": {"calls": 1608130130.0415356, "puts": 1608130130.0115378}, "KO": {"calls": 1608130978.9386356, "puts": 1608130978.9086378}, "RNG": {"calls": 1608130498.484164, "puts": 1608130498.4541662}, "TAL": {"calls": 1608130082.315095, "puts": 1608130082.2950964}, "TDG": {"calls": 1608130538.641189, "puts": 1608130538.6011922}, "INO": {"calls": 1608131274.6135945, "puts": 1608131274.5835907}, "VRSK": {"calls": 1608130424.1696727, "puts": 1608130424.1496742}, "UBER": {"calls": 1608129948.015135, "puts": 1608129947.9851372}, "COO": {"calls": 1608130629.8044403, "puts": 1608130629.7744424}, "BP": {"calls": 1608131064.9698746, "puts": 1608131064.9498706}, "MKTX": {"calls": 1608130585.4877203, "puts": 1608130585.467722}, "CLX": {"calls": 1608130438.568605, "puts": 1608130438.5386071}, "GM": {"calls": 1608131081.443182, "puts": 1608131081.4031742}, "ATVI": {"calls": 1608130053.1172745, "puts": 1608130053.0872767}, "GILD": {"calls": 1608131040.5947418, "puts": 1608131040.5747373}, "INTC": {"calls": 1608130948.9708486, "puts": 1608130948.9408507}, "ODFL": {"calls": 1608130545.4506848, "puts": 1608130545.4306862}, "DHR": {"calls": 1608130174.3782325, "puts": 1608130174.358234}, "UI": {"calls": 1608130682.3505528, "puts": 1608130682.3305542}, "MGM": {"calls": 1608131222.0466964, "puts": 1608131222.0166922}, "OXY": {"calls": 1608131149.4755564, "puts": 1608131149.455553}, "PG": {"calls": 1608129963.3539863, "puts": 1608129963.3339877}, "NIO": {"calls": 1608131180.0604942, "puts": 1608131180.020488}, "APD": {"calls": 1608130270.92105, "puts": 1608130270.8910522}, "SNPS": {"calls": 1608130431.3291416, "puts": 1608130431.3091433}, "AMD": {"calls": 1608131057.0382361, "puts": 1608131057.00823}, "ZM": {"calls": 1608129932.3963053, "puts": 1608129932.3563082}, "CTAS": {"calls": 1608130409.5807548, "puts": 1608130409.5607562}, "BIIB": {"calls": 1608130380.6828985, "puts": 1608130380.6529007}, "KOS": {"calls": 1606760618.2865014, "puts": 1606760618.2665021}, "CRM": {"calls": 1608129993.9416971, "puts": 1608129993.9116995}, "CRBP": {"calls": 1606760645.3057504, "puts": 1606760645.2857506}, "CGC": {"calls": 1608131229.3777142, "puts": 1608131229.3477101}, "ANSS": {"calls": 1608130490.1947782, "puts": 1608130490.1747797}, "SIRI": {"calls": 1608131112.7091177, "puts": 1608131112.689114}, "GE": {"calls": 1608130713.4882498, "puts": 1608130713.4682512}, "F": {"calls": 1608130706.5287645, "puts": 1608130706.508766}, "SHW": {"calls": 1608130334.9762912,